Time (s),ESC signal (µs),Servo 1 (µs),Servo 2 (µs),Servo 3 (µs),AccX (g),AccY (g),AccZ (g),Torque (N·m),Thrust (kgf),Voltage (V),Current (A),Motor Electrical Speed (rad/s),Motor Optical Speed (rad/s),Electrical Power (W),Mechanical Power (W),Motor Efficiency (%),Propeller Mech. Efficiency (kgf/W),Overall Efficiency (kgf/W),Vibration (g),App message,
1.2393932499998108,1000,,,,-0.0625,0.0400390625,-0.96509765625,0.00003370646754531515,-0.0003650832339701363,16.637522572240258,0.042577791928444915,0,0,0.7083892436555486,0,0,0,0,0.05859375,,
1.236179599999627,1000,,,,-0.0625,0.04033203125,-0.9650390625,-0.000007438148874489534,0.0005819537178610193,16.63694932622385,0.04357189045141169,0,0,0.7249035767753699,0,0,0,0,0.05859375,,
9.761582599999638,1150,,,,-0.0396875,0.01916015625,-0.9785546875,0.002183589518907793,0.014128513665004859,16.59883506931466,0.5677737709170032,841.9468311648,0,9.424381003397691,1.8387687574104736,19.509837698085065,0.007692683372162882,0.0014992409300491425,0.8608984375,,
18.262866449999674,1300,,,,-0.0475390625,0.0248828125,-0.97869140625,0.009219115090719782,0.05778071954971213,16.452304099575294,2.357205035706242,1672.16504975616,0,38.78144991233289,15.415862905646756,39.75138984739607,0.003748526650548804,0.0014899546986941942,0.65193359375,,
26.788826199999598,1450,,,,-0.0605859375,0.04380859375,-0.80564453125,0.018661824590681164,0.10419698182290187,16.20382341866149,5.091564204072819,2334.7269404004,0,82.50292300240453,43.57024820266997,52.813052076015516,0.002392296679978881,0.0012629494723274,1.07359375,,
35.313904799999634,1600,,,,-0.056640625,0.03306640625,-0.98125,0.028322021420623712,0.16228516828736889,15.841013026272254,9.047881769773669,2900.42305755864,0,143.32775137901567,82.14808738297548,57.314186021751695,0.0019760944825185844,0.001132271752157968,0.775703125,,
